Agatha,Owora,247612,211,144,4843,,,,123 UNO Dr,,Omaha,NE,68111,Lenient grader
Sabbahdikhe,Nhumaputen,723447,235,452,2465,246,246,2642,123 Hollow Way Dr,,OMAHA,NE,68124,
Tyler,Steversone,801831,,,,,,,123 way,,,,,
jake,bothersome,861690,,,,,,,,,,,68138,
Jake,Smith,781257,134,264,7643,246,247,7980,79792 Benny Hanna Lan,,Jefferson,MO,89354,"okay guy
"
Adam,Sandler,834131,402,518,2933,,,,51 Beauty Dr,,Honolulu,HI,99299,Not funny
Tyler,Porter,912482,134,264,7643,246,247,7980,79792 Benny Hanna Lanes,,Jefferson,MO,89354,Cool guy
Albert,Carlson,992401,325,246,2461,246,357,987,155 Happy Birthday Rd,,New York,NY,12351,test
Gabe,Winter,694403,,,,,,,,,,,,test1
Ben,Rasmussen,730101,235,452,2465,246,246,2642,123 Hollow Way Dr,,OMAHA,NE,68124
John,Mayer,712465,325,246,2461,246,357,987,155 Happy Birthday Rd,Suite 401,New York,NY,12351
Poke,Mon,376764,,,,,,,123 Gym,,,,
Jake,Stucko,142232,402,818,4115,,,,,,,,
Tyler,Holdcroft,563896,,,,,,,,,,,
Hal,Martina,818370,325,246,2461,246,357,987,155 Happy Birthday Rd,,New York,NY,12351
Sam,Stark,180812,402,676,6676,492,231,5325,63 parkway drive,,stanton,PY,21365
Joe,Martin,402064,134,264,7643,246,247,7980,79792 Benny Hanna Lane,,Jefferson,MO,89354
John,Stamos,497895,235,452,2465,246,246,2642,123 Hollow Way Dr,,OMAHA,NE,68124
Emiline,Hendricks,858536,134,264,7643,246,247,7980,79792 Benny Hanna Lane,,Jefferson,MO,89354
Kevin,Stooley,967206,235,452,2465,246,246,2642,123 Hollow Way Dr,,OMAHA,NE,68124
Tyler,Jermain,126640,134,264,7643,246,247,7980,79792 Benny Hanna Lane,,Jefferson,MO,89354
Julian,Davidson,428833,325,246,2461,246,357,987,155 Happy Birthday Rd,,New York,NY,12351
Ricky,Bernard,479890,235,452,2465,246,246,2642,123 Hollow Way Dr,,OMAHA,NE,68124
Lucy,Sampson,784503,402,676,6676,492,231,5325,63 parkway drive,,stanton,PY,21365
Stephanie,Mars,947313,134,264,7643,246,247,7980,79792 Benny Hanna Lane,,Jefferson,MO,89354
Kelly,Clarkson,391269,402,676,6676,492,231,5325,63 parkway drive,,stanton,PY,21365
Apple,Seede,556349,134,264,7643,246,247,7980,79792 Benny Hanna Lane,,Jefferson,MO,89354
Kenny,Waters,786773,235,452,2465,246,246,2642,123 Hollow Way Dr,,OMAHA,NE,68124
Leah,Porter,940673,235,452,2465,246,246,2642,123 Hollow Way Dr,,OMAHA,NE,68124
James,Parkour,257271,235,452,2465,246,246,2642,123 Hollow Way Dr,,OMAHA,NE,68124
Leah,Teutsch,286548,325,246,2461,246,357,987,155 Happy Birthday Rd,,New York,NY,12351
Carla Bardidore,,183383,402,676,6676,492,231,5325,63 parkway drive,,stanton,PY,21365
Ziggle,Barbi,480963,325,246,2461,246,357,987,155 Happy Birthday Rd,,New York,NY,12351
Don,Able,579213,402,676,6676,492,231,5325,63 parkway drive,,stanton,PY,21365
Jake,Sounders,596051,134,264,7643,246,247,7980,79792 Benny Hanna Lane,,Jefferson,MO,89354
Kady,Bartleby,846356,235,452,2465,246,246,2642,123 Hollow Way Dr,,OMAHA,NE,68124
Kelsey,Svboda,362328,235,452,2465,246,246,2642,123 Hollow Way Dr,,OMAHA,NE,68124
Kevin,Spiceneck,206068,325,246,2461,246,357,987,155 Happy Birthday Rd,,New York,NY,12351
Mike,Laney,684598,235,452,2465,246,246,2642,123 Hollow Way Dr,,OMAHA,NE,68124
Rod,Stevenson,122853,134,264,7643,246,247,7980,79792 Benny Hanna Lane,,Jefferson,MO,89354
Sam,Parson,284013,325,246,2461,246,357,987,155 Happy Birthday Rd,,New York,NY,12351
Sam,Sonto,856183,235,452,2465,246,246,2642,123 Hollow Way Dr,,OMAHA,NE,68124
Victor,Chiminez,744460,134,264,7643,246,247,7980,79792 Benny Hanna Lane,,Jefferson,MO,89354
Ziggy,Pop,659413,325,246,2461,246,357,987,155 Happy Birthday Rd,,New York,NY,12351
John,Stanton,855630,402,676,3333,,,,145 Skeleton Bridge Dr,Temple #3,Kurast Causeway,KU,12356
Jerr,Bear,358023,,,,,,,,,,,
Begal,Stonson,902035,,,,,,,,,,,
Jobe,Ston,643106,,,,,,,,,,,
kayla,parker,186978,,,,,,,,,,,
Shaddah,Parlo,348997,,,,,,,,,,,
Tyler,Poeee,655032,,,,,,,,,,,,
Sven,Grammersdorf,362653,,,,,,,,,,,,
kaiser,role,279386,,,,,,,,,,,,
jim,smith,335556,,,,,,,,,,,,
Brian,Stackhouse,108893,,,,,,,,,,,,
tyler,seven,947465,,,,,,,,,,,,
Hannah,Carney,405682,412,415,6189,,,,,,,,,
